Keyword;Choices;Recipes;;
Rib eye;salt and pepper;1. Soften the butter from the fridge 2. Mix the butter with chopped rosemary  and pepper 3. Place the steak in a large container with the butter mixture 4. Cover and marinate in the refrigerate for at least 2 hours 5. Grill with high heat 6. adding some of the garlic and rosemary from the marinade as you grill 7. Allow the steak to rest for 5 minutes before serving;;
;beef broth;;;
;balsamic vinegar;;;
;dijon mustard;;;
;blue cheese;;;
Duck;honey;;;
;soy sauce;;;
;chicken stock;;;
;sesame oil;;;
;chinese duck sauce;;;
Clam;dry white wine;;;
;bacon;;;
;potatoes;;;
;shrimp;;;
;worcestershire sauce;;;
Lobster;butter;;;
;white wine;;;
;heavy cream;;;
;mayonnaise;;;
;parmesan cheese;;;
Avocado;Kosher Salt;;;
;Chedder Cheese;;;
;Extra Virgin Olive Oil;;;
;Fresh Lime Juice;;;
;Salsa;;;
Bacon;Brown Sugar;;;
;Sharp Cheddar Cheese;;;
;Paprika;;;
;Lemon Juice;;;
;Sour Cream;;;
Beef;Potatoes;;;
;Bay Leaf;;;
;Chili Powder;;;
;Cornstarch;;;
;Tomato Paste;;;
Bell Pepper;Soy Sauce;;;
;Wide Egg Noodles;;;
;Sesame Oil;;;
;Eggs;;;
;Black Pepper;;;
Broccoli;Olive Oil;;;
;Butter;;;
;Lemon Juice;;;
;Soy Sauce;;;
;Cream of Mushroom Soup;;;
Burgers;Sweet Onion;;;
;Cheddar Cheese;;;
;Ketchup;;;
;Bacon;;;
;Mayonnaise;;;
Cabbage;Eggs;;;
;Ground Beef;;;
;Sesame Oil;;;
;Chicken Broth;;;
;Red Onion;;;
Carrot;Thyme;;;
;Chicken Stock;;;
;Bay Leaf;;;
;Butter;;;
;Tomato Paste;;;
Cauliflower;Curry Powder;;;
;Ground Cumin;;;
;Lemon Juice;;;
;Red Onion;;;
;Garlic Clove;;;
Cheese;Egg;;;
;Dried Oregano;;;
;Milk;;;
;Bacon;;;
;Paprika;;;
Chicken;Tomato;;;
;Vegetable Oil;;;
;Garlic Power;;;
;Onion;;;
;Ground Cumin;;;
Chili;Butter;;;
;Egg;;;
;Salsa;;;
;Sour Cream;;;
;Cheddar Cheese;;;
Corn;Milk;;;
;Cayenne Pepper;;;
;Lemon Juice;;;
;Black Pepper;;;
;Corn Tortillas;;;
Crabs;Tabasco Sauce;;;
;Heavy Cream;;;
;Milk;;;
;Fresh Lemon Juice;;;
;Dijon Mustard;;;
Egg;flour;;;
;milk;;;
;vanilla;;;
;nutmeg;;;
;apples;;;
Eggplant;tomatoes;;;
;zucchini;;;
;mozzarella cheese;;;
;flour;;;
;eggs;;;
Fish;coconut milk;;;
;tomatoes;;;
;flour;;;
;cilantro;;;
;eggs;;;
Lamb;tomatoes;;;
;flour;;;
;carrots;;;
;cinnamon;;;
;chicken stock;;;
Lettuce;tomatoes;;;
;sour cream;;;
;bacon;;;
;avocado;;;
;dijon mustard;;;
Maccaroni;milk;;;
;ground beef;;;
;flour;;;
;mayonnaise;;;
;tomatoes;;;
Meatballs;sour cream;;;
;beef broth;;;
;chicken broth;;;
;pasta sauce;;;
;grape jelly;;;
Milk;yoghurt;;;
;eggs;;;
;turmeric;;;
;honey;;;
;cumin seed;;;
Mushroom;parmesan cheese;;;
;flour;;;
;milk;;;
;celery;;;
;chicken broth;;;
Noodles;parmesan cheese;;;
;sour cream;;;
;celery;;;
;eggs;;;
;carrot;;;
Pasta;tomatoes;;;
;mozzarella cheese;;;
;chicken broth;;;
;eggs;;;
;carrot;;;
Pizza;pepperoni;;;
;provolone cheese;;;
;eggs;;;
;artichoke hearts;;;
;prosciutto;;;
Pork;pepper;;;
;milk;;;
;flour;;;
;honey;;;
;eggs;;;
Potato;milk;;;
;celery;;;
;carrot;;;
;pepper;;;
;eggs;;;
Pumpkin;eggs;;;
;nutmeg;;;
;flour;;;
;milk;;;
;pecans;;;
Radish;mayonnaise;;;
;worchestershire sauce;;;
;sour cream;;;
;dijon mustard;;;
;tomatoes;;;
Ravioli;parmesan cheese;;;
;heavy cream;;;
;tomatoes;;;
;zucchini;;;
;ground beef;;;
Ribs;carrots;;;
;worcestershire sauce;;;
;chicken broth;;;
;ketchup;;;
;potatoes;;;
Rice;chicken broth;;;
;carrot;;;
;cornstarch;;;
;honey;;;
;celery;;;
Sandwich;butter;;;
;lettuce;;;
;ground tukey;;;
;eggs;;;
;cream cheese;;;
Sandwiches;milk;;;
;chocolate syrup;;;
;cool whip;;;
;oreo cookies;;;
;peanuts;;;
Shrimp;parmesan cheese;;;
;celery;;;
;tomatoes;;;
;mayonnaise;;;
;chicken broth;;;
Spaghetti;parmesan cheese;;;
;zucchini;;;
;eggs;;;
;ground beef;;;
;milk;;;
Spinach;parmesan cheese;;;
;eggs;;;
;mozzarella cheese;;;
;sour cream;;;
;bacon;;;
Steak;worcestershire sauce;;;
;pepper;;;
;cornstarch;;;
;butter;;;
;beef broth;;;
Sweetpotato;pecans;;;
;flour;;;
;milk;;;
;nutmeg;;;
;honey;;;
Tofu;cornstarch;;;
;fresh ginger;;;
;carrot;;;
;honey;;;
;scallions;;;
Tomato;parmesan cheese;;;
;chili powder;;;
;ground beef;;;
;celery;;;
;carrots;;;
Tuna;mayonnaise;;;
;celery;;;
;cheddar cheese;;;
;capers;;;
;eggs;;;
Winter melon;sesame seeds;;;
;ham;;;
;ginger;;;
;black mushroom;;;
;chicken broth;;;
Yoghurt;eggs;;;
;tomatoes;;;
;lemon juice;;;
;garam masala;;;
;turmeric;;;